time,symbol,side,qty,price
2026-10-07T13:13:14-04:00,QQQ,buy,1,757.01
2026-10-07T13:13:14-04:00,SPY,buy,1,777.16
2026-10-07T13:13:14-04:00,XLE,buy,23,63.18
2026-10-07T13:13:14-04:00,XLK,buy,7,201.24
2026-10-08T13:14:11-04:00,QQQ,buy,1,748.14
2026-10-08T13:45:07-04:00,XLE,sell,1,65.27
2026-10-08T14:15:17-04:00,XLE,buy,1,65.245
2026-10-08T14:49:37-04:00,XLE,sell,1,65.265
2026-10-09T12:46:24-04:00,XLE,buy,1,65.385
2026-10-09T14:14:48-04:00,XLE,sell,1,65.47
2026-10-09T14:48:31-04:00,XLE,buy,1,65.09
